[{"pk": 1, "model": "accounting.ledger", "fields": {"balance": "0.00000", "name": "Assets", "parent": null, "description": null}}, {"pk": 2, "model": "accounting.ledger", "fields": {"balance": "0.00000", "name": "Liabilities", "parent": null, "description": null}}, {"pk": 3, "model": "accounting.ledger", "fields": {"balance": "0.00000", "name": "Direct Income", "parent": null, "description": null}}, {"pk": 4, "model": "accounting.ledger", "fields": {"balance": "0.00000", "name": "Direct Expenses", "parent": null, "description": null}}, {"pk": 5, "model": "accounting.ledger", "fields": {"balance": "0.00000", "name": "Indirect Income", "parent": null, "description": null}}, {"pk": 6, "model": "accounting.ledger", "fields": {"balance": "0.00000", "name": "Indirect Expenses", "parent": null, "description": null}}, {"pk": 7, "model": "accounting.ledger", "fields": {"balance": "0.00000", "name": "Current Assets", "parent": 1, "description": null}}, {"pk": 8, "model": "accounting.ledger", "fields": {"balance": "0.00000", "name": "Fixed Assets", "parent": 1, "description": null}}, {"pk": 9, "model": "accounting.ledger", "fields": {"balance": "0.00000", "name": "Current Liabilities", "parent": 2, "description": null}}, {"pk": 10, "model": "accounting.ledger", "fields": {"balance": "0.00000", "name": "Non Current Liabilities", "parent": 2, "description": null}}, {"pk": 11, "model": "accounting.ledger", "fields": {"balance": "-925.00000", "name": "Sales", "parent": 3, "description": null}}, {"pk": 12, "model": "accounting.ledger", "fields": {"balance": "1400.00000", "name": "Purchase", "parent": 4, "description": null}}, {"pk": 13, "model": "accounting.ledger", "fields": {"balance": "500.00000", "name": "Sales Return", "parent": 11, "description": null}}, {"pk": 14, "model": "accounting.ledger", "fields": {"balance": "0.00000", "name": "Purchase Return", "parent": 12, "description": null}}, {"pk": 15, "model": "accounting.ledger", "fields": {"balance": "0.00000", "name": "Duties and Taxes", "parent": 9, "description": null}}, {"pk": 16, "model": "accounting.ledger", "fields": {"balance": "0.00000", "name": "Output Vat (sales)", "parent": 15, "description": ""}}, {"pk": 17, "model": "accounting.ledger", "fields": {"balance": "0.00000", "name": "Input Vat (Purchases)", "parent": 15, "description": ""}}, {"pk": 18, "model": "accounting.ledger", "fields": {"balance": "0.00000", "name": "Building", "parent": 8, "description": null}}, {"pk": 19, "model": "accounting.ledger", "fields": {"balance": "0.00000", "name": "Machinery", "parent": 8, "description": ""}}, {"pk": 20, "model": "accounting.ledger", "fields": {"balance": "0.00000", "name": "Furniture and Fixtures", "parent": 8, "description": null}}, {"pk": 21, "model": "accounting.ledger", "fields": {"balance": "0.00000", "name": "Land", "parent": 8, "description": null}}, {"pk": 22, "model": "accounting.ledger", "fields": {"balance": "975.00000", "name": "Stock", "parent": 7, "description": null}}, {"pk": 23, "model": "accounting.ledger", "fields": {"balance": "-12.00000", "name": "Bank", "parent": 7, "description": null}}, {"pk": 24, "model": "accounting.ledger", "fields": {"balance": "0.00000", "name": "Sundry Debtors", "parent": 7, "description": null}}, {"pk": 25, "model": "accounting.ledger", "fields": {"balance": "-475.00000", "name": "Cash", "parent": 7, "description": null}}, {"pk": 26, "model": "accounting.ledger", "fields": {"balance": "0.00000", "name": "Sundry Creditors", "parent": 9, "description": null}}, {"pk": 27, "model": "accounting.ledger", "fields": {"balance": "0.00000", "name": "Bank OD", "parent": 9, "description": null}}, {"pk": 28, "model": "accounting.ledger", "fields": {"balance": "0.00000", "name": "Advances and Borrowings", "parent": 9, "description": null}}, {"pk": 29, "model": "accounting.ledger", "fields": {"balance": "0.00000", "name": "Salary", "parent": 6, "description": ""}}, {"pk": 30, "model": "accounting.ledger", "fields": {"balance": "0.00000", "name": "Term Loan", "parent": 10, "description": null}}, {"pk": 31, "model": "accounting.ledger", "fields": {"balance": "-312.00000", "name": "State Bank Of India", "parent": 23, "description": null}}, {"pk": 32, "model": "accounting.ledger", "fields": {"balance": "530.00000", "name": "Supplier 1", "parent": 26, "description": ""}}, {"pk": 33, "model": "accounting.ledger", "fields": {"balance": "100.00000", "name": "cust1", "parent": 24, "description": null}}, {"pk": 34, "model": "accounting.ledger", "fields": {"balance": "224.00000", "name": "adsasd", "parent": 24, "description": null}}, {"pk": 35, "model": "accounting.ledger", "fields": {"balance": "-500.00000", "name": "Counter Sales", "parent": 24, "description": null}}, {"pk": 9, "model": "accounting.ledgerentry", "fields": {"date": "2014-09-08", "debit_amount": null, "credit_amount": "100.00", "ledger": 31, "transaction_reference_number": "PY1"}}, {"pk": 10, "model": "accounting.ledgerentry", "fields": {"date": "2014-09-08", "debit_amount": "100.00", "credit_amount": null, "ledger": 32, "transaction_reference_number": "PY1"}}, {"pk": 11, "model": "accounting.ledgerentry", "fields": {"date": "2014-09-09", "debit_amount": null, "credit_amount": "100.00", "ledger": 25, "transaction_reference_number": "PY6"}}, {"pk": 12, "model": "accounting.ledgerentry", "fields": {"date": "2014-09-09", "debit_amount": "100.00", "credit_amount": null, "ledger": 32, "transaction_reference_number": "PY6"}}, {"pk": 13, "model": "accounting.ledgerentry", "fields": {"date": "2014-09-08", "debit_amount": null, "credit_amount": "150.00", "ledger": 25, "transaction_reference_number": "PY7"}}, {"pk": 14, "model": "accounting.ledgerentry", "fields": {"date": "2014-09-08", "debit_amount": "150.00", "credit_amount": null, "ledger": 32, "transaction_reference_number": "PY7"}}, {"pk": 15, "model": "accounting.ledgerentry", "fields": {"date": "2014-09-01", "debit_amount": "230.00", "credit_amount": null, "ledger": 32, "transaction_reference_number": "OT8"}}, {"pk": 16, "model": "accounting.ledgerentry", "fields": {"date": "2014-09-01", "debit_amount": null, "credit_amount": "230.00", "ledger": 25, "transaction_reference_number": "OT8"}}, {"pk": 17, "model": "accounting.ledgerentry", "fields": {"date": "2014-09-01", "debit_amount": "50.00", "credit_amount": null, "ledger": 25, "transaction_reference_number": "OT9"}}, {"pk": 18, "model": "accounting.ledgerentry", "fields": {"date": "2014-09-01", "debit_amount": null, "credit_amount": "50.00", "ledger": 32, "transaction_reference_number": "OT9"}}, {"pk": 19, "model": "accounting.ledgerentry", "fields": {"date": "2014-09-02", "debit_amount": null, "credit_amount": "700.00", "ledger": 32, "transaction_reference_number": "PRINV1"}}, {"pk": 20, "model": "accounting.ledgerentry", "fields": {"date": "2014-09-02", "debit_amount": "700.00", "credit_amount": null, "ledger": 12, "transaction_reference_number": "PRINV1"}}, {"pk": 21, "model": "accounting.ledgerentry", "fields": {"date": "2014-09-02", "debit_amount": null, "credit_amount": "700.00", "ledger": 25, "transaction_reference_number": "PRINV1"}}, {"pk": 22, "model": "accounting.ledgerentry", "fields": {"date": "2014-09-02", "debit_amount": "700.00", "credit_amount": null, "ledger": 32, "transaction_reference_number": "PRINV1"}}, {"pk": 23, "model": "accounting.ledgerentry", "fields": {"date": "2014-09-02", "debit_amount": "700.00", "credit_amount": null, "ledger": 22, "transaction_reference_number": "PRINV1"}}, {"pk": 24, "model": "accounting.ledgerentry", "fields": {"date": "2014-09-02", "debit_amount": null, "credit_amount": "700.00", "ledger": 32, "transaction_reference_number": "PRINV2"}}, {"pk": 25, "model": "accounting.ledgerentry", "fields": {"date": "2014-09-02", "debit_amount": "700.00", "credit_amount": null, "ledger": 12, "transaction_reference_number": "PRINV2"}}, {"pk": 26, "model": "accounting.ledgerentry", "fields": {"date": "2014-09-02", "debit_amount": null, "credit_amount": "700.00", "ledger": 25, "transaction_reference_number": "PRINV2"}}, {"pk": 27, "model": "accounting.ledgerentry", "fields": {"date": "2014-09-02", "debit_amount": "700.00", "credit_amount": null, "ledger": 32, "transaction_reference_number": "PRINV2"}}, {"pk": 28, "model": "accounting.ledgerentry", "fields": {"date": "2014-09-02", "debit_amount": "700.00", "credit_amount": null, "ledger": 22, "transaction_reference_number": "PRINV2"}}, {"pk": 29, "model": "accounting.ledgerentry", "fields": {"date": "2014-09-02", "debit_amount": null, "credit_amount": "700.00", "ledger": 32, "transaction_reference_number": "PRINV3"}}, {"pk": 30, "model": "accounting.ledgerentry", "fields": {"date": "2014-09-02", "debit_amount": "700.00", "credit_amount": null, "ledger": 12, "transaction_reference_number": "PRINV3"}}, {"pk": 31, "model": "accounting.ledgerentry", "fields": {"date": "2014-09-02", "debit_amount": null, "credit_amount": "700.00", "ledger": 25, "transaction_reference_number": "PRINV3"}}, {"pk": 32, "model": "accounting.ledgerentry", "fields": {"date": "2014-09-02", "debit_amount": "700.00", "credit_amount": null, "ledger": 32, "transaction_reference_number": "PRINV3"}}, {"pk": 33, "model": "accounting.ledgerentry", "fields": {"date": "2014-09-02", "debit_amount": "700.00", "credit_amount": null, "ledger": 22, "transaction_reference_number": "PRINV3"}}, {"pk": 34, "model": "accounting.ledgerentry", "fields": {"date": "2014-09-02", "debit_amount": null, "credit_amount": "1400.00", "ledger": 32, "transaction_reference_number": "PRINV5"}}, {"pk": 35, "model": "accounting.ledgerentry", "fields": {"date": "2014-09-02", "debit_amount": "1400.00", "credit_amount": null, "ledger": 12, "transaction_reference_number": "PRINV5"}}, {"pk": 36, "model": "accounting.ledgerentry", "fields": {"date": "2014-09-02", "debit_amount": null, "credit_amount": "1400.00", "ledger": 25, "transaction_reference_number": "PRINV5"}}, {"pk": 37, "model": "accounting.ledgerentry", "fields": {"date": "2014-09-02", "debit_amount": "1400.00", "credit_amount": null, "ledger": 32, "transaction_reference_number": "PRINV5"}}, {"pk": 38, "model": "accounting.ledgerentry", "fields": {"date": "2014-09-02", "debit_amount": "1400.00", "credit_amount": null, "ledger": 22, "transaction_reference_number": "PRINV5"}}, {"pk": 39, "model": "accounting.ledgerentry", "fields": {"date": "2014-09-02", "debit_amount": "0.00", "credit_amount": null, "ledger": 17, "transaction_reference_number": "PRINV5"}}, {"pk": 40, "model": "accounting.ledgerentry", "fields": {"date": "2014-09-27", "debit_amount": "100.00", "credit_amount": null, "ledger": 35, "transaction_reference_number": "SREC1"}}, {"pk": 41, "model": "accounting.ledgerentry", "fields": {"date": "2014-09-27", "debit_amount": null, "credit_amount": "100.00", "ledger": 11, "transaction_reference_number": "SREC1"}}, {"pk": 42, "model": "accounting.ledgerentry", "fields": {"date": "2014-09-27", "debit_amount": "100.00", "credit_amount": null, "ledger": 25, "transaction_reference_number": "SREC1"}}, {"pk": 43, "model": "accounting.ledgerentry", "fields": {"date": "2014-09-27", "debit_amount": null, "credit_amount": "100.00", "ledger": 35, "transaction_reference_number": "SREC1"}}, {"pk": 44, "model": "accounting.ledgerentry", "fields": {"date": "2014-09-27", "debit_amount": null, "credit_amount": "100.00", "ledger": 22, "transaction_reference_number": "SREC1"}}, {"pk": 45, "model": "accounting.ledgerentry", "fields": {"date": "2014-09-27", "debit_amount": "250.00", "credit_amount": null, "ledger": 34, "transaction_reference_number": "SINV2"}}, {"pk": 46, "model": "accounting.ledgerentry", "fields": {"date": "2014-09-27", "debit_amount": null, "credit_amount": "250.00", "ledger": 11, "transaction_reference_number": "SINV2"}}, {"pk": 47, "model": "accounting.ledgerentry", "fields": {"date": "2014-09-27", "debit_amount": "250.00", "credit_amount": null, "ledger": 25, "transaction_reference_number": "SINV2"}}, {"pk": 48, "model": "accounting.ledgerentry", "fields": {"date": "2014-09-27", "debit_amount": null, "credit_amount": "250.00", "ledger": 34, "transaction_reference_number": "SINV2"}}, {"pk": 49, "model": "accounting.ledgerentry", "fields": {"date": "2014-09-27", "debit_amount": null, "credit_amount": "250.00", "ledger": 22, "transaction_reference_number": "SINV2"}}, {"pk": 50, "model": "accounting.ledgerentry", "fields": {"date": "2014-09-27", "debit_amount": null, "credit_amount": "0.00", "ledger": 16, "transaction_reference_number": "SINV2"}}, {"pk": 51, "model": "accounting.ledgerentry", "fields": {"date": "2014-09-27", "debit_amount": "50.00", "credit_amount": null, "ledger": 34, "transaction_reference_number": "SREC3"}}, {"pk": 52, "model": "accounting.ledgerentry", "fields": {"date": "2014-09-27", "debit_amount": null, "credit_amount": "50.00", "ledger": 11, "transaction_reference_number": "SREC3"}}, {"pk": 53, "model": "accounting.ledgerentry", "fields": {"date": "2014-09-27", "debit_amount": "50.00", "credit_amount": null, "ledger": 25, "transaction_reference_number": "SREC3"}}, {"pk": 54, "model": "accounting.ledgerentry", "fields": {"date": "2014-09-27", "debit_amount": null, "credit_amount": "50.00", "ledger": 34, "transaction_reference_number": "SREC3"}}, {"pk": 55, "model": "accounting.ledgerentry", "fields": {"date": "2014-09-27", "debit_amount": null, "credit_amount": "50.00", "ledger": 22, "transaction_reference_number": "SREC3"}}, {"pk": 56, "model": "accounting.ledgerentry", "fields": {"date": "2014-09-27", "debit_amount": "525.00", "credit_amount": null, "ledger": 35, "transaction_reference_number": "SREC4"}}, {"pk": 57, "model": "accounting.ledgerentry", "fields": {"date": "2014-09-27", "debit_amount": null, "credit_amount": "525.00", "ledger": 11, "transaction_reference_number": "SREC4"}}, {"pk": 58, "model": "accounting.ledgerentry", "fields": {"date": "2014-09-27", "debit_amount": "525.00", "credit_amount": null, "ledger": 25, "transaction_reference_number": "SREC4"}}, {"pk": 59, "model": "accounting.ledgerentry", "fields": {"date": "2014-09-27", "debit_amount": null, "credit_amount": "525.00", "ledger": 35, "transaction_reference_number": "SREC4"}}, {"pk": 60, "model": "accounting.ledgerentry", "fields": {"date": "2014-09-27", "debit_amount": null, "credit_amount": "525.00", "ledger": 22, "transaction_reference_number": "SREC4"}}, {"pk": 61, "model": "accounting.ledgerentry", "fields": {"date": "2014-09-09", "debit_amount": null, "credit_amount": "12.00", "ledger": 23, "transaction_reference_number": null}}, {"pk": 62, "model": "accounting.ledgerentry", "fields": {"date": "2014-09-09", "debit_amount": "12.00", "credit_amount": null, "ledger": 34, "transaction_reference_number": null}}, {"pk": 63, "model": "accounting.ledgerentry", "fields": {"date": "2014-09-16", "debit_amount": null, "credit_amount": "112.00", "ledger": 31, "transaction_reference_number": null}}, {"pk": 64, "model": "accounting.ledgerentry", "fields": {"date": "2014-09-16", "debit_amount": "112.00", "credit_amount": null, "ledger": 34, "transaction_reference_number": null}}, {"pk": 65, "model": "accounting.ledgerentry", "fields": {"date": "2014-09-08", "debit_amount": null, "credit_amount": "100.00", "ledger": 31, "transaction_reference_number": "PY29"}}, {"pk": 66, "model": "accounting.ledgerentry", "fields": {"date": "2014-09-08", "debit_amount": "100.00", "credit_amount": null, "ledger": 34, "transaction_reference_number": null}}, {"pk": 67, "model": "accounting.ledgerentry", "fields": {"date": "2014-09-08", "debit_amount": "100.00", "credit_amount": null, "ledger": 33, "transaction_reference_number": "OT30"}}, {"pk": 68, "model": "accounting.ledgerentry", "fields": {"date": "2014-09-08", "debit_amount": null, "credit_amount": "100.00", "ledger": 31, "transaction_reference_number": "OT30"}}, {"pk": 69, "model": "accounting.ledgerentry", "fields": {"date": "2014-09-10", "debit_amount": "250.00", "credit_amount": null, "ledger": 13, "transaction_reference_number": "SREC1"}}, {"pk": 70, "model": "accounting.ledgerentry", "fields": {"date": "2014-09-10", "debit_amount": null, "credit_amount": "250.00", "ledger": 35, "transaction_reference_number": "SREC1"}}, {"pk": 71, "model": "accounting.ledgerentry", "fields": {"date": "2014-09-10", "debit_amount": "250.00", "credit_amount": null, "ledger": 22, "transaction_reference_number": "SREC1"}}, {"pk": 72, "model": "accounting.ledgerentry", "fields": {"date": "2014-09-30", "debit_amount": "250.00", "credit_amount": null, "ledger": 13, "transaction_reference_number": "SRREC2"}}, {"pk": 73, "model": "accounting.ledgerentry", "fields": {"date": "2014-09-30", "debit_amount": null, "credit_amount": "250.00", "ledger": 35, "transaction_reference_number": "SRREC2"}}, {"pk": 74, "model": "accounting.ledgerentry", "fields": {"date": "2014-09-30", "debit_amount": "250.00", "credit_amount": null, "ledger": 22, "transaction_reference_number": "SRREC2"}}, {"pk": 5, "model": "accounting.transaction", "fields": {"bank_name": "fds", "cheque_date": null, "debit_amount": "100.00", "credit_amount": "100.00", "credit_ledger": 9, "debit_ledger": 10, "transaction_date": "2014-09-08", "branch": null, "narration": null, "payment_mode": "card", "transaction_ref": "PY1", "cheque_number": null, "card_no": "3232", "card_holder_name": "df"}}, {"pk": 6, "model": "accounting.transaction", "fields": {"bank_name": null, "cheque_date": null, "debit_amount": "100.00", "credit_amount": "100.00", "credit_ledger": 11, "debit_ledger": 12, "transaction_date": "2014-09-09", "branch": null, "narration": null, "payment_mode": "cash", "transaction_ref": "PY6", "cheque_number": null, "card_no": null, "card_holder_name": null}}, {"pk": 7, "model": "accounting.transaction", "fields": {"bank_name": null, "cheque_date": null, "debit_amount": "150.00", "credit_amount": "150.00", "credit_ledger": 13, "debit_ledger": 14, "transaction_date": "2014-09-08", "branch": null, "narration": null, "payment_mode": "cash", "transaction_ref": "PY7", "cheque_number": null, "card_no": null, "card_holder_name": null}}, {"pk": 8, "model": "accounting.transaction", "fields": {"bank_name": null, "cheque_date": null, "debit_amount": "230.00", "credit_amount": "230.00", "credit_ledger": 16, "debit_ledger": 15, "transaction_date": "2014-09-01", "branch": null, "narration": null, "payment_mode": "cash", "transaction_ref": "OT8", "cheque_number": null, "card_no": null, "card_holder_name": null}}, {"pk": 9, "model": "accounting.transaction", "fields": {"bank_name": null, "cheque_date": null, "debit_amount": "50.00", "credit_amount": "50.00", "credit_ledger": 18, "debit_ledger": 17, "transaction_date": "2014-09-01", "branch": null, "narration": null, "payment_mode": "cash", "transaction_ref": "OT9", "cheque_number": null, "card_no": null, "card_holder_name": null}}, {"pk": 10, "model": "accounting.transaction", "fields": {"bank_name": null, "cheque_date": null, "debit_amount": "1400.00", "credit_amount": "1400.00", "credit_ledger": 36, "debit_ledger": 37, "transaction_date": "2014-09-02", "branch": null, "narration": "By Purchase - 112", "payment_mode": "cash", "transaction_ref": "PRINV5", "cheque_number": null, "card_no": null, "card_holder_name": null}}, {"pk": 11, "model": "accounting.transaction", "fields": {"bank_name": null, "cheque_date": null, "debit_amount": "0.00", "credit_amount": null, "credit_ledger": null, "debit_ledger": 39, "transaction_date": "2014-09-02", "branch": null, "narration": "By Purchase - 112", "payment_mode": "cash", "transaction_ref": "PRINV5", "cheque_number": null, "card_no": null, "card_holder_name": null}}, {"pk": 12, "model": "accounting.transaction", "fields": {"bank_name": null, "cheque_date": null, "debit_amount": "1400.00", "credit_amount": "1400.00", "credit_ledger": 34, "debit_ledger": 35, "transaction_date": "2014-09-02", "branch": null, "narration": "By Purchase - 112", "payment_mode": "cash", "transaction_ref": "PRINV5", "cheque_number": null, "card_no": null, "card_holder_name": null}}, {"pk": 13, "model": "accounting.transaction", "fields": {"bank_name": null, "cheque_date": null, "debit_amount": "1400.00", "credit_amount": null, "credit_ledger": null, "debit_ledger": 38, "transaction_date": "2014-09-02", "branch": null, "narration": "By Purchase - 112", "payment_mode": "cash", "transaction_ref": "PRINV5", "cheque_number": null, "card_no": null, "card_holder_name": null}}, {"pk": 14, "model": "accounting.transaction", "fields": {"bank_name": null, "cheque_date": null, "debit_amount": "100.00", "credit_amount": "100.00", "credit_ledger": 43, "debit_ledger": 42, "transaction_date": "2014-09-27", "branch": null, "narration": "By Sales - ", "payment_mode": "cash", "transaction_ref": "SREC1", "cheque_number": null, "card_no": null, "card_holder_name": null}}, {"pk": 15, "model": "accounting.transaction", "fields": {"bank_name": null, "cheque_date": null, "debit_amount": "100.00", "credit_amount": "100.00", "credit_ledger": 41, "debit_ledger": 40, "transaction_date": "2014-09-27", "branch": null, "narration": "By Sales - ", "payment_mode": "cash", "transaction_ref": "SREC1", "cheque_number": null, "card_no": null, "card_holder_name": null}}, {"pk": 16, "model": "accounting.transaction", "fields": {"bank_name": null, "cheque_date": null, "debit_amount": null, "credit_amount": "100.00", "credit_ledger": 44, "debit_ledger": null, "transaction_date": "2014-09-27", "branch": null, "narration": "By Sales - ", "payment_mode": "cash", "transaction_ref": "SREC1", "cheque_number": null, "card_no": null, "card_holder_name": null}}, {"pk": 17, "model": "accounting.transaction", "fields": {"bank_name": null, "cheque_date": null, "debit_amount": null, "credit_amount": "0.00", "credit_ledger": 50, "debit_ledger": null, "transaction_date": "2014-09-27", "branch": null, "narration": "By Sales - ", "payment_mode": "cash", "transaction_ref": "SINV2", "cheque_number": null, "card_no": null, "card_holder_name": null}}, {"pk": 18, "model": "accounting.transaction", "fields": {"bank_name": null, "cheque_date": null, "debit_amount": "250.00", "credit_amount": "250.00", "credit_ledger": 48, "debit_ledger": 47, "transaction_date": "2014-09-27", "branch": null, "narration": "By Sales - ", "payment_mode": "cash", "transaction_ref": "SINV2", "cheque_number": null, "card_no": null, "card_holder_name": null}}, {"pk": 19, "model": "accounting.transaction", "fields": {"bank_name": null, "cheque_date": null, "debit_amount": "250.00", "credit_amount": "250.00", "credit_ledger": 46, "debit_ledger": 45, "transaction_date": "2014-09-27", "branch": null, "narration": "By Sales - ", "payment_mode": "cash", "transaction_ref": "SINV2", "cheque_number": null, "card_no": null, "card_holder_name": null}}, {"pk": 20, "model": "accounting.transaction", "fields": {"bank_name": null, "cheque_date": null, "debit_amount": null, "credit_amount": "250.00", "credit_ledger": 49, "debit_ledger": null, "transaction_date": "2014-09-27", "branch": null, "narration": "By Sales - ", "payment_mode": "cash", "transaction_ref": "SINV2", "cheque_number": null, "card_no": null, "card_holder_name": null}}, {"pk": 21, "model": "accounting.transaction", "fields": {"bank_name": null, "cheque_date": null, "debit_amount": "50.00", "credit_amount": "50.00", "credit_ledger": 54, "debit_ledger": 53, "transaction_date": "2014-09-27", "branch": null, "narration": "By Sales - 1", "payment_mode": "cash", "transaction_ref": "SREC3", "cheque_number": null, "card_no": null, "card_holder_name": null}}, {"pk": 22, "model": "accounting.transaction", "fields": {"bank_name": null, "cheque_date": null, "debit_amount": "50.00", "credit_amount": "50.00", "credit_ledger": 52, "debit_ledger": 51, "transaction_date": "2014-09-27", "branch": null, "narration": "By Sales - 1", "payment_mode": "cash", "transaction_ref": "SREC3", "cheque_number": null, "card_no": null, "card_holder_name": null}}, {"pk": 23, "model": "accounting.transaction", "fields": {"bank_name": null, "cheque_date": null, "debit_amount": null, "credit_amount": "50.00", "credit_ledger": 55, "debit_ledger": null, "transaction_date": "2014-09-27", "branch": null, "narration": "By Sales - 1", "payment_mode": "cash", "transaction_ref": "SREC3", "cheque_number": null, "card_no": null, "card_holder_name": null}}, {"pk": 24, "model": "accounting.transaction", "fields": {"bank_name": null, "cheque_date": null, "debit_amount": "525.00", "credit_amount": "525.00", "credit_ledger": 59, "debit_ledger": 58, "transaction_date": "2014-09-27", "branch": null, "narration": "By Sales - 12", "payment_mode": "cash", "transaction_ref": "SREC4", "cheque_number": null, "card_no": null, "card_holder_name": null}}, {"pk": 25, "model": "accounting.transaction", "fields": {"bank_name": null, "cheque_date": null, "debit_amount": "525.00", "credit_amount": "525.00", "credit_ledger": 57, "debit_ledger": 56, "transaction_date": "2014-09-27", "branch": null, "narration": "By Sales - 12", "payment_mode": "cash", "transaction_ref": "SREC4", "cheque_number": null, "card_no": null, "card_holder_name": null}}, {"pk": 26, "model": "accounting.transaction", "fields": {"bank_name": null, "cheque_date": null, "debit_amount": null, "credit_amount": "525.00", "credit_ledger": 60, "debit_ledger": null, "transaction_date": "2014-09-27", "branch": null, "narration": "By Sales - 12", "payment_mode": "cash", "transaction_ref": "SREC4", "cheque_number": null, "card_no": null, "card_holder_name": null}}, {"pk": 27, "model": "accounting.transaction", "fields": {"bank_name": "21", "cheque_date": null, "debit_amount": "12.00", "credit_amount": "12.00", "credit_ledger": 61, "debit_ledger": 62, "transaction_date": "2014-09-09", "branch": null, "narration": null, "payment_mode": "card", "transaction_ref": "PY27", "cheque_number": null, "card_no": "12", "card_holder_name": "as"}}, {"pk": 28, "model": "accounting.transaction", "fields": {"bank_name": "dsdf", "cheque_date": null, "debit_amount": "112.00", "credit_amount": "112.00", "credit_ledger": 63, "debit_ledger": 64, "transaction_date": "2014-09-16", "branch": null, "narration": null, "payment_mode": "card", "transaction_ref": "PY28", "cheque_number": null, "card_no": "133", "card_holder_name": "dsf"}}, {"pk": 29, "model": "accounting.transaction", "fields": {"bank_name": "34", "cheque_date": "2014-09-15", "debit_amount": "100.00", "credit_amount": "100.00", "credit_ledger": 65, "debit_ledger": 66, "transaction_date": "2014-09-08", "branch": "sd", "narration": null, "payment_mode": "cheque", "transaction_ref": "PY29", "cheque_number": "3232", "card_no": null, "card_holder_name": null}}, {"pk": 30, "model": "accounting.transaction", "fields": {"bank_name": null, "cheque_date": null, "debit_amount": "100.00", "credit_amount": "100.00", "credit_ledger": 68, "debit_ledger": 67, "transaction_date": "2014-09-08", "branch": null, "narration": null, "payment_mode": "cash", "transaction_ref": "OT30", "cheque_number": null, "card_no": null, "card_holder_name": null}}, {"pk": 31, "model": "accounting.transaction", "fields": {"bank_name": null, "cheque_date": null, "debit_amount": "250.00", "credit_amount": "250.00", "credit_ledger": 70, "debit_ledger": 69, "transaction_date": "2014-09-10", "branch": null, "narration": "By Sales Return- 1", "payment_mode": "", "transaction_ref": "SREC1", "cheque_number": null, "card_no": null, "card_holder_name": null}}, {"pk": 32, "model": "accounting.transaction", "fields": {"bank_name": null, "cheque_date": null, "debit_amount": null, "credit_amount": "250.00", "credit_ledger": null, "debit_ledger": 71, "transaction_date": "2014-09-10", "branch": null, "narration": "By Sales Return- 1", "payment_mode": "", "transaction_ref": "SREC1", "cheque_number": null, "card_no": null, "card_holder_name": null}}, {"pk": 33, "model": "accounting.transaction", "fields": {"bank_name": null, "cheque_date": null, "debit_amount": "250.00", "credit_amount": "250.00", "credit_ledger": 73, "debit_ledger": 72, "transaction_date": "2014-09-30", "branch": null, "narration": "By Sales Return- 7", "payment_mode": "", "transaction_ref": "SRREC2", "cheque_number": null, "card_no": null, "card_holder_name": null}}, {"pk": 34, "model": "accounting.transaction", "fields": {"bank_name": null, "cheque_date": null, "debit_amount": null, "credit_amount": "250.00", "credit_ledger": null, "debit_ledger": 74, "transaction_date": "2014-09-30", "branch": null, "narration": "By Sales Return- 7", "payment_mode": "", "transaction_ref": "SRREC2", "cheque_number": null, "card_no": null, "card_holder_name": null}}]